"Date","14.0","12.0","13.0","11.0","15.0","16.0","9.0 Pie","10.0","8.1 Oreo","6.0 Marshmallow","8.0 Oreo","7.1 Nougat","5.1 Lollipop","7.0 Nougat","17.0","5.0 Lollipop","4.4 KitKat","Other"
2025-08,20.3,16.62,15.56,14.38,9.41,2.11,5.73,5.57,2.83,1.86,1.89,0.99,1.21,1.33,0,0.1,0.12,0.01
2025-09,18.71,16.61,15.68,14.05,11.69,2.38,5.67,5.23,3.22,1.63,1.54,1.14,1.24,0.92,0,0.13,0.15,0.01
2025-10,18.48,15.88,15.3,13.8,12.48,3.26,5.42,4.87,3.72,1.54,1.4,1.42,1.37,0.82,0,0.16,0.08,0.01
2025-11,17.6,15.73,14.77,14.17,12.85,4.07,5.39,4.6,3.81,1.48,1.42,1.27,1.88,0.84,0,0.05,0.06,0.01
2025-12,16.35,15.35,14.42,14.39,12.38,6.33,5.16,4.77,3.9,1.46,1.3,1.51,1.54,0.82,0,0.09,0.21,0.03
2026-01,16.93,14.57,14.45,13.37,13.72,7.9,4.64,4.94,3.45,1.46,1.42,1.24,0.95,0.75,0,0.09,0.1,0.02
2026-02,16.48,14.49,14.43,13.03,13.18,10.17,4.92,4.75,3.19,1.39,1.17,1.12,0.82,0.78,0,0.07,0.02,0.01
2026-03,15.07,14.75,14.34,12.46,13.03,11.75,5.31,4.43,3.39,1.44,1.26,1.35,0.71,0.67,0,0.02,0.01,0.01
2026-04,15.64,14.51,13.28,13.34,13.1,12.6,4.73,4.51,3.13,1.37,1.38,0.99,0.64,0.7,0.04,0.02,0,0
2026-05,14.86,14.35,13.07,13.12,13.58,13.45,4.14,4.19,3.54,1.37,1.72,0.93,0.63,0.62,0.07,0.35,0.01,0.01
2026-06,14.57,13.95,13.43,12.91,13.88,13.5,4.05,4.66,2.94,1.4,1.67,1.05,0.9,0.6,0.31,0.18,0.01,0
2026-07,11.81,14.85,13.54,11.03,14.9,14.25,4.19,5.83,2.69,1.12,1.19,1.11,0.6,0.92,1.91,0.01,0.01,0.02
2026-08,11.78,15.09,14.3,10.28,15.23,12.41,4.09,6.12,2.77,0.81,1.09,0.88,0.48,0.67,3.95,0.01,0.01,0.01
