"Date","14.0","13.0","12.0","11.0","15.0","10.0","9.0 Pie","16.0","8.1 Oreo","6.0 Marshmallow","8.0 Oreo","7.0 Nougat","7.1 Nougat","5.1 Lollipop","5.0 Lollipop","4.4 KitKat","17.0","Other"
2025-08,18.42,15.25,14.83,15.29,8.05,7.37,7.87,0.44,3.7,2.02,2.92,1.55,0.9,1.04,0.15,0.19,0,0.02
2025-09,17.47,15.36,15.22,14.68,10.32,7.24,7.79,0.49,4.32,1.96,1.85,1.23,0.84,0.81,0.27,0.12,0,0.02
2025-10,17.49,15.48,15.24,14.04,11.75,7.39,7.23,1.21,4.44,1.65,1.28,0.82,0.95,0.68,0.26,0.07,0,0.01
2025-11,16.13,15.8,14.95,14.08,10.8,7.51,7.79,2.98,4.48,1.67,1.18,0.9,0.97,0.63,0.04,0.07,0,0.02
2025-12,15.61,15.44,14.52,13.38,10.12,7.54,7.77,4.3,5.24,1.75,1.09,0.91,0.99,0.78,0.09,0.44,0,0.04
2026-01,14.79,15.72,14.53,13.08,10.41,7.83,7.39,5.35,4.95,1.62,0.99,0.92,1.07,0.73,0.11,0.48,0,0.04
2026-02,15.46,16.7,15.21,12.67,10.19,8.11,6.97,5.77,4.71,1.08,0.91,0.69,0.9,0.49,0.05,0.07,0,0.02
2026-03,15.35,15.52,14.33,13.26,10.39,7.95,7.13,7.34,4.54,1.17,0.91,0.7,0.78,0.49,0.1,0.02,0,0.02
2026-04,16.02,16.65,14.11,12.85,10.39,7.61,7.14,7.33,4.01,1.01,0.84,0.7,0.84,0.4,0.04,0.03,0.01,0.02
2026-05,15.24,16,14.11,12.26,10.09,8.02,7.06,7.36,3.92,1.66,1.53,0.79,0.98,0.42,0.49,0.03,0.02,0.02
2026-06,14.79,16.93,13.99,11.73,10.86,7.8,6.92,8.67,3.56,1.31,1.17,0.67,0.86,0.35,0.24,0.01,0.11,0.02
2026-07,14.55,17.31,13.33,11.86,10.45,7.44,7.16,10.09,3.23,1,1.09,0.74,0.84,0.31,0.03,0.01,0.51,0.03
2026-08,14.87,16.4,14.25,12.27,10.47,7.58,7.15,8.18,3.93,1.11,0.86,0.76,0.87,0.34,0.04,0.02,0.84,0.07
