"Date","13.0","15.0","14.0","12.0","11.0","10.0","16.0","9.0 Pie","8.1 Oreo","6.0 Marshmallow","8.0 Oreo","5.1 Lollipop","7.0 Nougat","5.0 Lollipop","7.1 Nougat","4.4 KitKat","17.0","Other"
2025-08,20.09,14.65,17.49,14.56,13.47,8.36,0.19,3.82,2.11,1.08,2.21,0.54,0.69,0.31,0.09,0.3,0,0.03
2025-09,20.02,16.55,15.98,14.61,12.94,8.3,0.2,3.77,3.17,1.11,1.34,0.46,0.55,0.53,0.19,0.23,0,0.02
2025-10,19.92,16.68,15.53,14.25,13.18,8.41,0.72,3.87,3.91,1.07,0.64,0.49,0.45,0.44,0.24,0.17,0,0.03
2025-11,19.73,16.72,15.7,13.73,12.74,8.38,2.17,4.23,4.04,0.67,0.25,0.64,0.44,0.06,0.28,0.19,0,0.03
2025-12,18.61,16.67,15.84,13.86,12.24,8.54,4.37,3.74,3.48,0.69,0.21,0.61,0.5,0.08,0.25,0.26,0,0.05
2026-01,18.54,17.12,16.34,12.96,12.18,8.61,5.61,3.37,3.09,0.54,0.23,0.54,0.4,0.04,0.24,0.16,0,0.04
2026-02,19.31,17.2,15.26,13.2,11.13,8.51,7.08,3.66,2.74,0.59,0.2,0.42,0.38,0.05,0.21,0.05,0,0.01
2026-03,18.57,17.41,14.96,13.14,11.13,7.93,9.13,3.54,2.43,0.49,0.25,0.38,0.36,0.03,0.22,0.03,0,0.01
2026-04,18.95,17.21,14.81,13.4,10.52,8.26,8.77,3.16,2.94,0.47,0.22,0.45,0.45,0.05,0.28,0.04,0.01,0.01
2026-05,17.88,17.39,15.61,12.08,9.93,7.84,9.3,2.87,2.45,1.44,1.18,0.33,0.29,0.99,0.36,0.01,0.03,0.01
2026-06,17.67,16.84,15.32,12.01,10.47,7.94,10.66,2.89,2.83,1.12,0.71,0.32,0.32,0.54,0.21,0.06,0.03,0.02
2026-07,17.59,16.93,15.64,12.76,10.44,7.86,11.58,2.93,2.53,0.57,0.19,0.27,0.31,0.06,0.21,0.02,0.11,0.02
2026-08,17.7,16.35,16.17,12.24,10.49,8.39,10.93,3.11,2.77,0.45,0.19,0.38,0.34,0.04,0.19,0.07,0.17,0.03
