"Date","12.0","13.0","14.0","11.0","15.0","16.0","9.0 Pie","10.0","8.1 Oreo","8.0 Oreo","6.0 Marshmallow","7.0 Nougat","5.0 Lollipop","7.1 Nougat","17.0","5.1 Lollipop","4.4 KitKat","Other"
2025-08,20.13,18.93,14.91,11.9,9.4,1.51,5.45,7.72,1.93,3.66,1.94,1.22,0.66,0.18,0,0.24,0.16,0.05
2025-09,20.11,19.27,14.09,11.68,11.6,1.68,4.11,6.37,2.99,3.02,2.59,0.85,1.12,0.13,0,0.22,0.13,0.03
2025-10,20.03,18.81,14.05,12.35,10.3,2.6,4.97,6.34,3.53,2.5,2.1,0.88,0.95,0.18,0.01,0.27,0.11,0.02
2025-11,20.67,18.55,16.56,11.14,9.2,4.22,5.38,6.05,3.71,1.47,1.73,0.97,0.01,0.13,0,0.15,0.04,0.02
2025-12,19.05,17.86,14.04,13.61,7.14,5.96,5.93,7.25,5.16,1.44,0.92,0.89,0.06,0.17,0,0.19,0.27,0.05
2026-01,20.75,16.62,13.62,14.14,6.96,8.23,5.43,6.25,4.14,1.35,1.16,0.82,0.03,0.15,0,0.15,0.15,0.07
2026-02,21.49,18.37,13.18,13.32,6.18,9.13,6.35,5.37,3.32,1.29,0.77,0.86,0.01,0.16,0,0.07,0.14,0.01
2026-03,20.73,18.29,13.63,11.28,9.36,8.86,6.59,4.74,3.6,0.93,0.9,0.77,0.01,0.15,0.01,0.09,0.05,0.01
2026-04,19.69,15.65,16.31,12.17,10.15,8.35,5.91,5.55,3.01,1.11,0.97,0.69,0.04,0.24,0.05,0.06,0.03,0.02
2026-05,19.73,14.73,14.96,11.66,7.83,9.2,5.67,5.06,2.38,2.97,2.58,0.87,1.93,0.23,0.09,0.08,0.01,0.03
2026-06,19.4,15.41,13.76,12.4,9.73,9.16,6.1,4.63,2.27,2.29,2.01,1.28,1.01,0.19,0.2,0.1,0.04,0.02
2026-07,18.49,14.1,15.84,11.81,10.04,8.92,8.15,4.81,2.98,1.49,0.94,1.24,0.01,0.2,0.81,0.09,0.06,0.03
2026-08,21.28,14.69,13.14,13.42,8.32,7.75,8.5,4.99,2.76,1.2,0.96,1.06,0.01,0.17,1.55,0.1,0.07,0.02
