"Date","Chrome","Opera","Safari","Samsung Internet","Phoenix","UC Browser","Firefox","Brave","Edge","KaiOS","Android","Instabridge","Unknown","Other"
2025-08,80.1,10.89,4.91,2.87,0.31,0.3,0.16,0.13,0.05,0.1,0.08,0.03,0.01,0.06
2025-09,79.57,11.32,5.17,2.8,0.28,0.26,0.16,0.12,0.09,0.08,0.05,0.03,0.01,0.05
2025-10,79.93,10.49,5.21,2.94,0.33,0.25,0.13,0.12,0.41,0.06,0.05,0.03,0.01,0.05
2025-11,80.09,10.56,5.1,3.16,0.28,0.22,0.13,0.13,0.15,0.04,0.05,0.02,0.03,0.04
2025-12,80.01,10.67,5.14,3.11,0.28,0.1,0.2,0.17,0.15,0.05,0.04,0.02,0.03,0.03
2026-01,78.9,10.59,6.09,3.21,0.33,0.28,0.21,0.17,0.07,0.05,0.05,0.01,0.03,0.02
2026-02,83.37,6.76,5.78,2.81,0.35,0.39,0.16,0.2,0.08,0.02,0.04,0.02,0.02,0.01
2026-03,83.28,6.26,6.16,3.02,0.3,0.38,0.22,0.19,0.08,0.04,0.04,0.01,0,0.02
2026-04,83.88,5.81,6.53,2.33,0.37,0.4,0.21,0.25,0.09,0.03,0.05,0.02,0.01,0.02
2026-05,84.84,5.4,6.42,1.81,0.39,0.47,0.26,0.21,0.09,0.03,0.04,0.02,0.01,0.02
2026-06,83.84,5.58,6.89,2.05,0.4,0.49,0.25,0.28,0.07,0.04,0.04,0.03,0.01,0.02
2026-07,83.53,5.46,7.17,2.1,0.34,0.61,0.25,0.3,0.11,0.04,0.03,0.03,0.01,0.03
2026-08,84.64,5.24,6.69,1.9,0.34,0.39,0.31,0.26,0.1,0.03,0.04,0.02,0.02,0.03
