"Date","Chrome (all)","Opera 15+","iPhone 0","Opera Mini 4.4","Samsung Internet 29.0","Samsung Internet 28.0","Brave 0","Firefox 5+","Unknown 0","Samsung Internet 30.0","Samsung Internet 24.0","Edge 79+","Samsung Internet 7.4","Opera Mini 7.5","Samsung Internet 27.0","Opera Mini 7.6","Android 0","Nokia 0","Samsung Internet 25.0","UC Browser 15.1","Samsung Internet 26.0","Opera 12.1","Samsung Internet 22.0","UC Browser 15.2","Samsung Internet 23.0","UC Browser 12.10","UC Browser 15.0","UC Browser 14.7","Instabridge 0","Samsung Internet 3.0","Samsung Internet 7.0","UC Browser 14.8","Opera Mini 14.0","Opera Mini 11.0","Opera Mini 15.0","Phoenix 19.5","Other"
2025-08,70.89,18.02,3.47,2.82,0,1.44,0.43,0.31,0.06,0,0.2,0.18,0.17,0.18,0.13,0.16,0.09,0.07,0.15,0,0.08,0.07,0.04,0,0.04,0.01,0,0.02,0.03,0.05,0.05,0.11,0.06,0.01,0.03,0,0.65
2025-09,67.67,20.61,3.29,3.55,0,1.62,0.42,0.38,0.06,0,0.18,0.16,0.15,0.21,0.13,0.16,0.1,0.06,0.13,0,0.08,0.07,0.06,0,0.1,0.01,0,0.01,0.02,0.04,0.03,0.01,0.06,0.02,0.02,0,0.62
2025-10,65.19,23.51,3.29,3.48,0.08,1.4,0.43,0.35,0.1,0,0.15,0.13,0.17,0.16,0.15,0.14,0.08,0.06,0.12,0,0.07,0.08,0.04,0,0.04,0.02,0.04,0,0.03,0.02,0.02,0,0.01,0.01,0.03,0.09,0.51
2025-11,62.68,26.3,3.21,3.04,1.07,0.67,0.42,0.28,0.16,0,0.14,0.11,0.16,0.14,0.18,0.08,0.08,0.04,0.14,0,0.08,0.09,0.03,0,0.02,0.04,0.04,0.08,0.02,0.02,0.02,0,0,0.02,0.02,0.01,0.57
2025-12,59.12,29.04,3.27,4,1.18,0.37,0.48,0.27,0.34,0,0.1,0.1,0.14,0.2,0.14,0.12,0.07,0.03,0.09,0,0.06,0.11,0.03,0,0.01,0.04,0,0.05,0.02,0.02,0.01,0,0,0.04,0.02,0,0.52
2026-01,57.02,30.59,3.73,4.24,1.17,0.28,0.48,0.31,0.33,0,0.06,0.12,0.08,0.23,0.12,0.17,0.07,0.04,0.05,0,0.04,0.1,0.05,0,0.01,0.04,0.08,0.02,0.02,0.02,0.01,0,0,0.02,0.01,0,0.49
2026-02,57.13,35.06,3.73,0.45,1.21,0.23,0.48,0.3,0.33,0,0.07,0.11,0.07,0.02,0.11,0.02,0.06,0.04,0.05,0.06,0.04,0.01,0.02,0,0.01,0.03,0.08,0.02,0.01,0,0,0,0,0,0,0,0.26
2026-03,57.88,33.92,4.28,0.01,1.49,0.27,0.49,0.37,0.33,0,0.05,0.08,0.06,0,0.07,0,0.06,0.03,0.02,0.17,0.03,0,0.02,0,0.01,0.02,0.01,0.01,0.02,0,0,0,0,0,0,0,0.29
2026-04,60.54,32.08,3.92,0.02,1.03,0.09,0.53,0.36,0.4,0,0.07,0.09,0.08,0,0.03,0,0.05,0.13,0.01,0.17,0.03,0,0.01,0,0.01,0.02,0.01,0,0.02,0,0,0,0,0,0,0,0.3
2026-05,62.65,30.01,3.9,0.04,0.73,0.06,0.57,0.29,0.51,0.09,0.13,0.09,0.07,0,0.02,0,0.09,0.12,0.01,0.2,0.04,0,0.02,0,0.01,0.03,0,0,0.02,0,0,0,0,0,0,0,0.3
2026-06,65.33,26.25,4.73,0.02,0.2,0.05,0.79,0.43,0.17,0.71,0.14,0.14,0.1,0,0.03,0,0.08,0.07,0,0.24,0.04,0,0.03,0,0.01,0.01,0,0.05,0.01,0,0,0,0,0,0,0,0.35
2026-07,62.8,28.5,5.05,0.01,0.16,0.06,0.76,0.39,0.15,0.8,0.21,0.1,0.09,0,0.03,0,0.05,0.07,0.01,0.08,0.06,0,0.04,0.21,0.01,0.01,0.01,0.02,0.01,0,0,0,0,0,0,0,0.31
2026-08,59.99,32.03,4.57,0.01,0.12,0.05,0.62,0.38,0.21,0.76,0.1,0.08,0.11,0,0.03,0,0.04,0.18,0.02,0.02,0.04,0,0.04,0.23,0,0.01,0.01,0.02,0.01,0,0,0,0,0,0,0,0.33
