"Date","Chrome (all)","iPhone 0","Opera 15+","Opera Mini 4.4","Samsung Internet 29.0","Samsung Internet 28.0","Samsung Internet 27.0","Samsung Internet 24.0","Firefox 5+","Brave 0","Samsung Internet 30.0","Edge 79+","Samsung Internet 25.0","UC Browser 15.1","Samsung Internet 26.0","Samsung Internet 7.4","KaiOS 2.5","Android 0","UC Browser 15.0","Samsung Internet 9.0","Samsung Internet 7.0","UC Browser 15.2","Samsung Internet 11.0","UC Browser 13.4","Samsung Internet 22.0","Phoenix 20.7","Instabridge 0","Samsung Internet 19.0","Phoenix 19.5","Samsung Internet 23.0","Samsung Internet 21.0","Samsung Internet 16.0","UC Browser 12.10","Opera 12.1","Samsung Internet 5.0","Samsung Internet 9.2","UC Browser 14.8","Samsung Internet 7.2","Unknown 0","Phoenix 21.2","Phoenix 19.3","Phoenix 20.3","Samsung Internet 17.0","Phoenix 18.7","Phoenix 19.2","Samsung Internet 3.5","Phoenix 19.9","Phoenix 20.0","Phoenix 21.3","UC Browser 12.2","UC Browser 14.9","Phoenix 20.2","Phoenix 18.9","Phoenix 19.0","Other"
2025-08,80.1,4.91,5.24,5.53,0,1.08,0.25,0.57,0.16,0.13,0,0.05,0.26,0,0.12,0.05,0.1,0.08,0,0.05,0.06,0,0.05,0.04,0.05,0,0.03,0.03,0,0.04,0.02,0.04,0.02,0.02,0.04,0.01,0.12,0.01,0.01,0,0,0,0.02,0.02,0.04,0.01,0,0,0,0.01,0,0,0.07,0.06,0.51
2025-09,79.57,5.17,5.32,5.88,0,1.19,0.41,0.42,0.16,0.12,0,0.09,0.19,0,0.08,0.05,0.08,0.05,0,0.03,0.04,0,0.04,0.04,0.03,0,0.03,0.04,0,0.03,0.04,0.03,0.03,0.02,0.02,0.02,0,0.01,0.01,0,0.09,0,0.02,0.01,0.06,0.01,0,0,0,0.02,0.07,0,0.01,0.02,0.46
2025-10,79.93,5.21,5.61,4.76,0.04,1.25,0.58,0.34,0.13,0.12,0,0.41,0.17,0,0.08,0.05,0.06,0.05,0.08,0.02,0.03,0,0.03,0.04,0.04,0,0.02,0.02,0.14,0.02,0.03,0.02,0.02,0.03,0.01,0.01,0.01,0.01,0.01,0,0.04,0,0.02,0.01,0.01,0.02,0,0,0,0.03,0.01,0,0,0.01,0.46
2025-11,80.09,5.1,5.45,4.99,0.8,0.67,0.74,0.29,0.13,0.13,0,0.15,0.14,0,0.1,0.04,0.04,0.05,0.09,0.04,0.04,0,0.04,0.04,0.02,0,0.02,0.02,0.05,0.03,0.02,0.02,0.01,0.02,0.01,0.02,0,0.01,0.03,0,0.01,0,0.01,0.01,0.01,0.01,0.03,0,0,0.02,0.01,0,0.01,0,0.44
2025-12,80.01,5.14,5.27,5.26,1.19,0.53,0.43,0.25,0.2,0.17,0,0.15,0.11,0,0.08,0.05,0.05,0.04,0,0.05,0.03,0,0.03,0.02,0.02,0,0.02,0.02,0.01,0.02,0.01,0.01,0.01,0.04,0.02,0.01,0,0.02,0.03,0,0,0,0.03,0.01,0,0.03,0.06,0.08,0,0.02,0,0.03,0,0,0.45
2026-01,78.9,6.09,5.34,5.1,1.48,0.45,0.37,0.2,0.21,0.17,0,0.07,0.08,0,0.08,0.05,0.05,0.05,0.16,0.05,0.02,0,0.02,0.05,0.02,0,0.01,0.02,0.01,0.02,0.02,0.01,0.02,0.05,0.02,0.02,0,0.02,0.03,0,0,0.1,0.01,0.01,0,0.05,0.02,0.03,0,0.01,0,0.07,0,0,0.45
2026-02,83.37,5.78,6.04,0.7,1.43,0.48,0.26,0.18,0.16,0.2,0,0.08,0.08,0.12,0.05,0.08,0.02,0.04,0.19,0.03,0.02,0,0.02,0.03,0.01,0.07,0.02,0.01,0,0.01,0.01,0.01,0.01,0,0.01,0.02,0.01,0.01,0.02,0,0,0.04,0.01,0.02,0,0.01,0.01,0.02,0,0.01,0,0.01,0,0,0.27
2026-03,83.28,6.16,6.23,0.02,1.57,0.59,0.27,0.17,0.22,0.19,0,0.08,0.07,0.28,0.06,0.05,0.04,0.04,0.03,0.04,0.03,0,0.02,0.01,0.02,0.14,0.01,0.01,0,0.01,0.01,0.01,0.01,0,0.01,0.02,0.01,0.02,0,0,0,0.03,0.01,0.01,0,0,0.01,0,0,0.01,0,0.01,0,0,0.2
2026-04,83.88,6.53,5.78,0.03,1.35,0.26,0.13,0.14,0.21,0.25,0,0.09,0.01,0.34,0.07,0.05,0.03,0.05,0.01,0.06,0.02,0,0.03,0.01,0.04,0.05,0.02,0.01,0,0.01,0.02,0.02,0.01,0,0.01,0.02,0,0.03,0.01,0.07,0,0.02,0.01,0.01,0,0,0.01,0,0,0,0,0,0,0,0.3
2026-05,84.84,6.41,5.37,0.02,1,0.12,0.08,0.12,0.26,0.21,0.09,0.09,0,0.38,0.05,0.06,0.03,0.04,0.01,0.04,0.04,0,0.02,0.02,0.02,0.02,0.02,0.02,0,0.01,0.02,0.01,0.03,0,0.01,0.02,0,0.03,0.01,0.11,0,0.01,0,0.02,0,0,0,0.01,0.12,0.01,0,0.01,0,0,0.2
2026-06,83.84,6.89,5.54,0.03,0.42,0.18,0.1,0.09,0.25,0.28,0.85,0.07,0.01,0.42,0.06,0.06,0.04,0.04,0.02,0.07,0.05,0,0.02,0.02,0.01,0.03,0.03,0.02,0,0.01,0.01,0.01,0.01,0,0.01,0.02,0,0.01,0.01,0.03,0,0,0,0.01,0,0,0,0,0.03,0,0,0,0,0,0.36
2026-07,83.53,7.16,5.42,0.03,0.4,0.11,0.08,0.1,0.25,0.3,0.92,0.11,0.01,0.17,0.08,0.05,0.04,0.03,0,0.05,0.12,0.36,0.03,0.01,0.01,0.02,0.03,0.01,0,0.01,0.01,0.01,0.03,0,0.01,0.03,0,0.01,0.01,0.02,0,0,0.01,0.01,0,0,0,0,0.01,0,0,0,0,0,0.37
2026-08,84.64,6.69,5.22,0.02,0.29,0.1,0.07,0.07,0.31,0.26,0.95,0.1,0.01,0.03,0.04,0.07,0.03,0.04,0.01,0.06,0.03,0.3,0.03,0.01,0.01,0.01,0.02,0.01,0,0.01,0.02,0.02,0.02,0,0.01,0.02,0,0.01,0.02,0.02,0,0,0.02,0.01,0,0,0,0,0.01,0,0,0,0,0,0.38
