"Date","Chrome","Opera","Safari","Samsung Internet","UC Browser","KaiOS","Android","Edge","Phoenix","Firefox","Brave","Unknown","Other"
2025-08,76.56,15.28,4.65,2.15,0.26,0.39,0.23,0.17,0.12,0.1,0.05,0.01,0.03
2025-09,76.74,15.21,4.31,2.4,0.2,0.39,0.27,0.19,0.13,0.11,0.04,0.01,0.02
2025-10,76.65,15.38,4.28,2.38,0.19,0.37,0.24,0.17,0.14,0.12,0.04,0.02,0.03
2025-11,78.37,13.46,4.4,2.42,0.19,0.31,0.34,0.12,0.2,0.14,0.03,0.01,0.03
2025-12,76.82,13.86,5.06,2.91,0.15,0.36,0.27,0.2,0.18,0.12,0.03,0.01,0.03
2026-01,75.5,15.34,4.96,2.57,0.33,0.31,0.22,0.38,0.14,0.18,0.03,0.01,0.03
2026-02,78.39,12.34,5.01,2.81,0.52,0.15,0.27,0.16,0.14,0.14,0.03,0.01,0.02
2026-03,78.44,12.07,5.04,2.65,0.48,0.29,0.31,0.29,0.16,0.21,0.04,0.01,0.03
2026-04,81.07,10.93,4.83,1.39,0.49,0.25,0.48,0.15,0.2,0.13,0.03,0.01,0.03
2026-05,81.21,11.15,4.74,1.08,0.54,0.25,0.53,0.09,0.19,0.17,0.03,0,0.02
2026-06,79.49,12.29,5.05,1.25,0.54,0.24,0.49,0.27,0.17,0.13,0.04,0.01,0.02
2026-07,71.29,17.73,7.16,1.91,0.7,0.22,0.11,0.27,0.2,0.26,0.05,0.05,0.06
2026-08,70.68,17.39,8.36,1.85,0.58,0.25,0.04,0.23,0.21,0.31,0.06,0.01,0.03
