"Date","Chrome (all)","iPhone 0","Opera 15+","Opera Mini 4.4","Samsung Internet 29.0","Samsung Internet 28.0","Firefox 5+","Brave 0","UC Browser 15.1","Unknown 0","Edge 79+","Samsung Internet 30.0","Samsung Internet 24.0","KaiOS 2.5","Phoenix 21.2","Samsung Internet 7.4","Samsung Internet 27.0","UC Browser 15.2","UC Browser 15.0","Android 0","Phoenix 20.9","Samsung Internet 26.0","Samsung Internet 25.0","UC Browser 14.8","Samsung Internet 22.0","Samsung Internet 4.0","Samsung Internet 7.2","Samsung Internet 9.0","Instabridge 0","Samsung Internet 7.0","Phoenix 21.5","Phoenix 21.7","Phoenix 19.5","Samsung Internet 23.0","Samsung Internet 21.0","Phoenix 21.0","UC Browser 14.9","Phoenix 20.7","Other"
2025-08,75.16,10.93,6.33,4.31,0,1.29,0.21,0.28,0,0.01,0.07,0,0.07,0.01,0,0.06,0.06,0,0,0.05,0,0.03,0.05,0.23,0.04,0.11,0.03,0.03,0.02,0.01,0,0,0,0.01,0.01,0,0,0,0.57
2025-09,74.13,10.59,8.16,4.3,0,1.2,0.25,0.2,0,0.04,0.14,0,0.05,0.03,0,0.04,0.04,0,0,0.03,0,0.01,0.03,0,0.02,0.02,0,0.01,0.04,0.01,0,0,0,0.02,0,0,0.12,0,0.49
2025-10,74.68,11.72,6.01,4.6,0.03,0.95,0.3,0.21,0,0.36,0.16,0,0.04,0.04,0,0.03,0.08,0,0.08,0.03,0,0.05,0.03,0,0.01,0.02,0.03,0.01,0.03,0.02,0,0,0.1,0.01,0.01,0,0,0,0.38
2025-11,73.74,12.46,6.73,4.27,0.69,0.22,0.32,0.27,0,0.17,0.09,0,0.1,0.04,0,0.04,0.08,0,0.06,0.02,0,0.03,0.03,0,0.01,0.03,0.04,0,0.04,0.01,0,0,0.02,0,0.01,0,0,0,0.47
2025-12,73.71,12.46,6.1,4.8,0.79,0.15,0.44,0.35,0,0.15,0.16,0,0.12,0.05,0,0.07,0.07,0,0,0.03,0,0.03,0.03,0.04,0.01,0.02,0.01,0.02,0.01,0.01,0,0,0,0,0.01,0,0,0,0.36
2026-01,74.02,11.5,7.71,3.53,1.08,0.1,0.43,0.32,0,0.28,0.09,0,0.09,0.04,0,0.03,0.05,0,0.19,0.02,0,0.02,0.05,0,0,0.01,0.02,0.01,0.01,0.02,0,0,0,0.01,0.01,0,0,0,0.36
2026-02,75.64,12.19,8.02,0.3,1.14,0.27,0.35,0.18,0.13,0.72,0.19,0,0.07,0.03,0,0.09,0.04,0,0.22,0.06,0,0.03,0.03,0,0.01,0,0,0.01,0.01,0.03,0,0,0,0.01,0,0,0,0.01,0.22
2026-03,75.28,12.87,8.4,0.02,1,0.11,0.3,0.22,0.42,0.04,0.12,0,0.07,0.07,0,0.05,0.06,0,0.05,0.03,0.37,0.02,0.03,0,0.01,0,0,0.02,0.01,0.01,0,0,0,0.01,0,0,0,0.09,0.33
2026-04,74.75,10.2,11.13,0.06,1.02,0.09,0.39,0.36,0.41,0.02,0.08,0,0.1,0.06,0.7,0.05,0.05,0,0.01,0.03,0.02,0.04,0.02,0,0.03,0,0.02,0.03,0,0.01,0,0,0,0.02,0.02,0.09,0,0.02,0.15
2026-05,71.47,15.62,9.22,0.01,0.94,0.08,0.45,0.42,0.62,0.04,0.13,0.1,0.14,0.04,0.05,0.06,0.04,0,0,0.03,0,0.06,0.01,0,0.07,0,0.01,0.01,0,0.02,0,0,0,0.01,0.02,0.02,0,0,0.28
2026-06,77.12,12.57,6.85,0.04,0.36,0.05,0.35,0.48,0.56,0.01,0.1,0.5,0.07,0.12,0.03,0.04,0.01,0,0,0.02,0,0.03,0.01,0,0.06,0,0.01,0.04,0,0.01,0.2,0.04,0.02,0.01,0.01,0.01,0,0.01,0.29
2026-07,78.17,11.36,6.99,0.08,0.22,0.05,0.32,0.38,0.13,0.01,0.17,0.6,0.04,0.17,0.03,0.12,0.05,0.4,0,0.01,0,0.04,0.01,0,0.06,0,0.01,0.01,0.02,0.04,0.03,0.16,0,0.01,0.03,0.01,0,0.01,0.27
2026-08,78.16,12.48,6.21,0.04,0.05,0.02,0.49,0.27,0.02,0,0.16,0.78,0.03,0.27,0,0.05,0.01,0.45,0,0.04,0,0,0,0,0.01,0,0.04,0.01,0.01,0.01,0,0.03,0,0.01,0,0,0,0,0.34
