"Date","Chrome","Safari","Opera","Samsung Internet","Firefox","UC Browser","Brave","Phoenix","Unknown","Edge","KaiOS","Android","Yandex Browser","Instabridge","Ecosia","Other"
2025-08,75.16,10.93,10.75,1.97,0.21,0.33,0.28,0.16,0.01,0.07,0.01,0.05,0.01,0.02,0.01,0.02
2025-09,74.13,10.6,12.54,1.58,0.25,0.17,0.2,0.17,0.04,0.14,0.03,0.03,0.04,0.04,0.01,0.03
2025-10,74.68,11.72,10.77,1.38,0.3,0.1,0.21,0.17,0.36,0.16,0.04,0.03,0.02,0.03,0.02,0.02
2025-11,73.74,12.46,11.17,1.37,0.33,0.07,0.27,0.18,0.17,0.09,0.04,0.02,0.02,0.04,0.01,0.02
2025-12,73.71,12.46,11.04,1.42,0.44,0.05,0.35,0.11,0.15,0.16,0.05,0.03,0.01,0.01,0.01,0.01
2026-01,74.02,11.5,11.3,1.6,0.43,0.2,0.32,0.14,0.28,0.09,0.04,0.02,0.01,0.01,0.01,0.02
2026-02,75.64,12.19,8.36,1.79,0.35,0.36,0.18,0.12,0.72,0.19,0.03,0.06,0.02,0.01,0,0
2026-03,75.28,12.87,8.42,1.48,0.3,0.57,0.22,0.51,0.04,0.12,0.07,0.03,0.04,0.01,0.02,0.02
2026-04,74.75,10.2,11.19,1.55,0.39,0.45,0.36,0.89,0.02,0.08,0.06,0.03,0.01,0,0,0.01
2026-05,71.47,15.63,9.23,1.63,0.45,0.64,0.42,0.13,0.04,0.13,0.04,0.03,0.11,0,0.01,0.03
2026-06,77.12,12.57,6.89,1.24,0.35,0.62,0.48,0.42,0.01,0.1,0.12,0.02,0.03,0,0,0.01
2026-07,78.17,11.36,7.07,1.35,0.32,0.53,0.38,0.38,0.01,0.17,0.17,0.01,0.01,0.02,0.03,0.02
2026-08,78.16,12.48,6.26,1.05,0.49,0.48,0.27,0.25,0,0.16,0.27,0.04,0.04,0.01,0.03,0.01
