"Date","Chrome","Opera","Safari","Samsung Internet","Brave","Firefox","Unknown","UC Browser","Phoenix","Edge","Android","Nokia","Yandex Browser","Instabridge","Other"
2025-08,70.89,21.47,3.48,2.53,0.43,0.31,0.06,0.2,0.21,0.18,0.09,0.07,0.04,0.03,0.02
2025-09,67.67,24.86,3.29,2.65,0.42,0.38,0.06,0.12,0.13,0.16,0.1,0.06,0.05,0.02,0.02
2025-10,65.19,27.57,3.29,2.41,0.43,0.35,0.1,0.11,0.19,0.13,0.08,0.06,0.04,0.03,0.02
2025-11,62.68,29.87,3.21,2.7,0.42,0.28,0.16,0.21,0.13,0.11,0.08,0.04,0.05,0.02,0.02
2025-12,59.12,33.7,3.27,2.29,0.48,0.27,0.34,0.12,0.12,0.1,0.07,0.03,0.03,0.02,0.02
2026-01,57.02,35.51,3.73,1.99,0.48,0.31,0.33,0.18,0.13,0.12,0.07,0.04,0.05,0.02,0.02
2026-02,57.13,35.58,3.73,1.86,0.48,0.3,0.33,0.21,0.1,0.11,0.06,0.04,0.05,0.01,0.02
2026-03,57.88,33.94,4.28,2.06,0.49,0.37,0.33,0.22,0.14,0.08,0.06,0.03,0.08,0.02,0.01
2026-04,60.54,32.1,3.92,1.4,0.53,0.36,0.4,0.22,0.16,0.09,0.05,0.13,0.07,0.02,0.01
2026-05,62.65,30.06,3.9,1.21,0.57,0.29,0.51,0.25,0.14,0.09,0.09,0.12,0.07,0.02,0.03
2026-06,65.33,26.28,4.73,1.38,0.79,0.43,0.17,0.33,0.17,0.14,0.08,0.07,0.06,0.01,0.02
2026-07,62.8,28.53,5.06,1.5,0.76,0.39,0.15,0.35,0.14,0.1,0.05,0.07,0.07,0.01,0.02
2026-08,59.99,32.04,4.59,1.3,0.62,0.38,0.21,0.31,0.16,0.08,0.04,0.18,0.06,0.01,0.02
