"Date","Chrome (all)","Opera 15+","iPhone 0","Opera Mini 4.4","Samsung Internet 28.0","Samsung Internet 29.0","KaiOS 2.5","Android 0","Edge 79+","Samsung Internet 24.0","Samsung Internet 27.0","Firefox 5+","Samsung Internet 30.0","UC Browser 15.1","Samsung Internet 25.0","UC Browser 15.0","Samsung Internet 26.0","Brave 0","UC Browser 15.2","Samsung Internet 11.0","Samsung Internet 16.0","UC Browser 12.10","Samsung Internet 22.0","Samsung Internet 7.0","Samsung Internet 7.4","Samsung Internet 9.0","UC Browser 14.8","Samsung Internet 21.0","UC Browser 13.4","Unknown 0","Samsung Internet 4.0","Phoenix 18.7","Samsung Internet 23.0","Phoenix 19.9","Other"
2025-08,76.56,8.59,4.65,6.56,1.11,0,0.39,0.23,0.17,0.36,0.15,0.1,0,0,0.11,0,0.05,0.05,0,0.03,0.02,0.01,0.04,0.04,0.03,0.02,0.11,0.01,0.02,0.01,0.02,0,0.01,0,0.54
2025-09,76.74,8.86,4.31,6.23,1.27,0,0.39,0.27,0.19,0.38,0.19,0.11,0,0,0.15,0,0.05,0.04,0,0.03,0.03,0.02,0.03,0.04,0.02,0.01,0.01,0.02,0.01,0.01,0.02,0,0.02,0,0.57
2025-10,76.65,10.1,4.27,5.18,1.32,0.01,0.37,0.24,0.17,0.31,0.24,0.12,0,0,0.13,0.07,0.05,0.04,0,0.03,0.03,0.03,0.02,0.02,0.02,0.01,0,0.02,0.01,0.02,0.03,0.01,0.01,0,0.46
2025-11,78.37,9.88,4.4,3.48,0.58,0.74,0.31,0.34,0.12,0.28,0.36,0.14,0,0,0.1,0.05,0.04,0.03,0,0.04,0.03,0.01,0.03,0.03,0.02,0.02,0,0.02,0.01,0.01,0.01,0,0.01,0.02,0.54
2025-12,76.82,10,5.06,3.73,0.45,1.39,0.36,0.27,0.2,0.18,0.43,0.12,0,0,0.07,0,0.03,0.03,0,0.03,0.04,0.05,0.02,0.02,0.02,0.02,0,0.02,0.02,0.01,0.03,0.01,0.01,0.05,0.52
2026-01,75.5,10.51,4.96,4.73,0.45,1.31,0.31,0.22,0.38,0.13,0.29,0.18,0,0,0.07,0.2,0.03,0.03,0,0.02,0.04,0.01,0.02,0.01,0.01,0.02,0,0.03,0.01,0.01,0.01,0,0.01,0.01,0.49
2026-02,78.39,11.83,5.01,0.49,0.62,1.58,0.15,0.27,0.16,0.11,0.23,0.14,0,0.17,0.03,0.2,0.03,0.03,0,0.02,0.03,0.07,0.01,0.01,0.02,0.02,0,0.01,0.01,0.01,0,0,0.01,0.01,0.31
2026-03,78.44,12.04,5.03,0.02,0.61,1.46,0.29,0.31,0.29,0.1,0.2,0.21,0,0.37,0.03,0.04,0.04,0.04,0,0.03,0.02,0.02,0.02,0.01,0.01,0.03,0,0.01,0.02,0.01,0,0.01,0,0.01,0.31
2026-04,81.07,10.9,4.83,0.02,0.19,0.86,0.25,0.48,0.15,0.08,0.06,0.13,0.01,0.36,0.01,0.04,0.03,0.03,0,0.02,0.02,0.03,0.01,0,0.02,0.02,0,0.01,0.03,0.01,0,0.04,0.01,0.01,0.26
2026-05,81.21,11.12,4.74,0.03,0.06,0.67,0.25,0.53,0.09,0.06,0.03,0.17,0.07,0.41,0,0.04,0.02,0.03,0,0.02,0.02,0.01,0.01,0.01,0.02,0.02,0,0.01,0.01,0,0,0.03,0,0.02,0.3
2026-06,79.49,12.26,5.05,0.03,0.06,0.25,0.24,0.49,0.27,0.05,0.03,0.13,0.66,0.38,0.01,0.03,0.02,0.04,0,0.02,0.02,0.05,0.01,0.01,0.02,0.03,0,0.01,0.01,0.01,0,0.02,0,0,0.28
2026-07,71.29,17.69,7.16,0.03,0.27,0.26,0.22,0.11,0.27,0.07,0.04,0.26,0.87,0.16,0.01,0.03,0.03,0.05,0.41,0.04,0.02,0.02,0.05,0.01,0.02,0.03,0,0.01,0.02,0.05,0,0.03,0.07,0,0.4
2026-08,70.68,17.36,8.36,0.02,0.13,0.23,0.25,0.04,0.23,0.07,0.04,0.31,1.12,0.04,0,0.03,0.03,0.06,0.43,0.04,0.02,0.02,0.01,0,0.04,0.03,0,0.01,0.01,0.01,0,0,0.01,0,0.37
