"Date","Android","iOS","KaiOS","Samsung","Linux","Other"
2025-08,93.2,6.23,0.41,0.1,0.02,0.04
2025-09,93.64,5.79,0.42,0.1,0.01,0.04
2025-10,93.73,5.75,0.39,0.08,0.03,0.03
2025-11,93.97,5.6,0.32,0.07,0.02,0.03
2025-12,92.92,6.59,0.37,0.07,0.03,0.03
2026-01,92.99,6.56,0.32,0.05,0.04,0.03
2026-02,93.17,6.57,0.15,0.06,0.05,0
2026-03,93.18,6.46,0.29,0.04,0.03,0
2026-04,93.61,6.09,0.25,0.01,0.04,0
2026-05,93.39,6.36,0.25,0,0.01,0
2026-06,93.07,6.67,0.24,0,0.01,0
2026-07,90.59,9.13,0.22,0,0.05,0.01
2026-08,88.83,10.91,0.25,0,0.01,0
