"Date","Android","iOS","Linux","KaiOS","Samsung","Other"
2025-08,81.99,17.75,0.01,0.01,0.2,0.02
2025-09,82.4,17.42,0.04,0.03,0.07,0.04
2025-10,80.44,19.05,0.38,0.04,0.05,0.05
2025-11,80.39,19.3,0.19,0.05,0.06,0.02
2025-12,79.39,20.32,0.17,0.05,0.06,0.01
2026-01,80.48,19.1,0.28,0.04,0.09,0.01
2026-02,80.06,19.14,0.72,0.03,0.06,0
2026-03,80.21,19.61,0.04,0.07,0.07,0.01
2026-04,83.95,15.96,0.02,0.06,0.01,0
2026-05,76.7,23.19,0.04,0.04,0.01,0.02
2026-06,78.49,21.39,0.01,0.12,0,0
2026-07,81.82,17.99,0.01,0.17,0,0
2026-08,78.01,21.72,0,0.27,0,0
