"Date","Android","iOS","KaiOS","Samsung","Series 40","Linux","Nokia Unknown","Other"
2025-08,92.97,6.69,0.1,0.08,0.07,0.03,0.04,0.02
2025-09,92.62,7.08,0.09,0.05,0.07,0.03,0.04,0.02
2025-10,92.65,7.12,0.06,0.05,0.04,0.04,0.03,0.01
2025-11,92.91,6.89,0.05,0.03,0.05,0.03,0.03,0.01
2025-12,92.7,7.04,0.05,0.04,0.05,0.07,0.04,0.01
2026-01,91.47,8.26,0.05,0.09,0.04,0.07,0.03,0
2026-02,92.17,7.71,0.02,0.06,0.01,0.03,0.01,0
2026-03,91.73,8.18,0.04,0.04,0,0,0,0
2026-04,91.29,8.65,0.03,0.01,0,0.01,0,0
2026-05,90.91,9.05,0.03,0,0,0.01,0,0
2026-06,90.3,9.64,0.04,0,0,0.01,0,0
2026-07,90.36,9.59,0.04,0,0,0.01,0,0
2026-08,90.98,8.96,0.03,0,0,0.01,0,0.02
