"Date","Android","iOS","Linux","Samsung","Nokia Unknown","Series 40","Other"
2025-08,94.34,5.19,0.13,0.2,0.05,0.03,0.05
2025-09,94.41,5.21,0.12,0.14,0.05,0.04,0.03
2025-10,94.44,5.15,0.19,0.11,0.04,0.05,0.03
2025-11,94.75,4.77,0.26,0.12,0.04,0.02,0.03
2025-12,94.38,4.94,0.48,0.13,0.05,0.02,0.02
2026-01,93.55,5.83,0.45,0.1,0.05,0.01,0.01
2026-02,93.89,5.65,0.35,0.07,0.04,0,0
2026-03,93.07,6.48,0.33,0.07,0.03,0,0
2026-04,93.57,5.83,0.45,0.02,0.13,0,0
2026-05,92.59,6.63,0.66,0,0.12,0,0.01
2026-06,92.45,7.28,0.2,0,0.07,0,0
2026-07,92.42,7.28,0.22,0,0.07,0,0
2026-08,92.94,6.66,0.23,0,0.18,0,0
