"Date","Mobile","Desktop","Tablet","Console"
2021-01,71.56,27.41,1.01,0.01
2021-02,70.65,28.39,0.94,0.02
2021-03,69.65,29.33,1.01,0.02
2021-04,71.4,27.5,1.07,0.03
2021-05,72.51,26.41,1.06,0.02
2021-06,68.28,30.51,1.18,0.03
2021-07,66.43,32.18,1.36,0.04
2021-08,70.41,28.41,1.15,0.02
2021-09,72.04,26.95,1,0.02
2021-10,71.4,27.56,1.02,0.02
2021-11,69.43,29.62,0.94,0.01
2021-12,72.95,25.97,1.06,0.02
2022-01,73.52,25.49,0.97,0.02
2022-02,74.75,24.41,0.83,0.02
2022-03,73.52,25.5,0.96,0.02
2022-04,73.06,25.79,1.12,0.02
2022-05,72.5,26.54,0.94,0.01
2022-06,69.73,29.34,0.92,0.01
2022-07,70.03,28.96,1,0.02
2022-08,75.14,23.7,1.14,0.01
2022-09,75.42,23.58,0.99,0.01
2022-10,78.33,20.73,0.93,0.01
2022-11,74.9,24.3,0.8,0.01
2022-12,74.88,24,1.1,0.02
2023-01,75.49,23.56,0.94,0.01
2023-02,75.05,24.17,0.77,0.01
2023-03,73.14,26.12,0.73,0.01
2023-04,71.37,27.82,0.8,0.01
2023-05,70.31,28.93,0.75,0.01
2023-06,72.09,27.23,0.67,0.01
2023-07,71.6,27.74,0.66,0
2023-08,73.71,25.57,0.71,0.01
2023-09,74.67,24.65,0.67,0.01
2023-10,76.7,22.63,0.66,0.01
2023-11,76.02,23.24,0.74,0.01
2023-12,77.65,21.64,0.7,0
2024-01,74.7,24.58,0.71,0.01
2024-02,75.04,24.2,0.75,0.01
2024-03,73.83,25.51,0.66,0
2024-04,74.29,24.77,0.93,0.01
2024-05,72.99,26.19,0.81,0.01
2024-06,71.02,28.2,0.77,0.01
2024-07,70.05,29.13,0.82,0.01
2024-08,70.18,28.94,0.87,0.01
2024-09,70.38,28.9,0.71,0.01
2024-10,69.13,30.05,0.81,0.01
2024-11,69.1,29.93,0.95,0.01
2024-12,71.98,26.91,1.09,0.02
2025-01,68.18,30.93,0.88,0.01
2025-02,66.79,32.43,0.77,0.01
2025-03,66.91,32.31,0.77,0.01
2025-04,66.26,32.69,1.04,0.01
2025-05,67.03,32.12,0.85,0
2025-06,65.55,33.67,0.77,0
2025-07,60.27,38.99,0.73,0.01
2025-08,60.91,38.12,0.97,0.01
2025-09,57.32,41.93,0.74,0
2025-10,57.73,41.46,0.8,0.01
2025-11,48.18,50.97,0.84,0.01
2025-12,45.47,53.76,0.76,0.01
2026-01,35.14,64.33,0.52,0
2026-02,39.8,59.55,0.65,0
2026-03,53.93,45.29,0.78,0
2026-04,49.24,49.93,0.82,0
2026-05,49.02,50.15,0.82,0.01
2026-06,39.79,59.57,0.63,0.01
2026-07,37.54,61.74,0.71,0.01
2026-08,29.47,69.96,0.56,0.01
