"Date","Samsung","Apple","Tecno","Unknown","Infinix","Google","Sony","Itel","Xiaomi","Oppo","Huawei","Motorola","Vivo","OnePlus","Realme","Honor","Nokia","LG","Lenovo","Nothing","Sharp","ZTE","Asus","TCL","Other"
2025-08,22.93,16.99,18.66,13.33,8.92,7.15,1.85,2.31,1.53,1.61,1.34,1.08,0.38,0.41,0.33,0.22,0.42,0.12,0.12,0.1,0.04,0.04,0.02,0.01,0.1
2025-09,21.19,16.67,17.01,13.42,9.72,8.18,1.89,2.45,1.62,1.67,1.28,2.36,0.27,0.47,0.39,0.21,0.36,0.14,0.18,0.31,0.07,0.01,0.03,0,0.07
2025-10,21.99,18.18,17.53,12.61,9.81,7.82,2.11,1.9,1.57,1.84,0.99,0.51,0.71,0.5,0.27,0.23,0.31,0.29,0.12,0.48,0.08,0.04,0.01,0.01,0.09
2025-11,21.99,18.47,18.05,13.91,9.82,5.76,1.98,1.82,1.45,1.56,1.67,0.41,0.88,0.39,0.53,0.33,0.26,0.39,0.08,0.1,0.05,0.03,0.01,0,0.06
2025-12,22.89,19.34,17.22,12.93,10.08,5.12,1.87,2.18,1.64,1.33,2.17,0.4,0.61,0.35,0.28,0.4,0.2,0.3,0.11,0.37,0.11,0.03,0,0.01,0.08
2026-01,24.65,18.42,16.51,11.05,11.54,6.17,1.94,1.6,1.79,1.55,1.67,0.29,0.73,0.3,0.5,0.33,0.25,0.22,0.12,0.13,0.13,0.01,0.03,0.01,0.06
2026-02,27.22,19.08,15.07,9.48,11.8,5.67,1.92,1.78,2.28,1.56,1.48,0.33,0.61,0.25,0.32,0.19,0.29,0.32,0.12,0.01,0.06,0.03,0.04,0.01,0.07
2026-03,29.67,19.61,16.16,7.46,9.37,6.13,2.21,1.55,1.26,1.5,1.56,0.35,0.64,0.43,0.32,0.8,0.27,0.31,0.05,0,0.12,0.02,0.11,0.04,0.05
2026-04,28.83,15.95,17.72,10.32,9.12,6.26,2.52,1.4,1.48,1.87,1.05,0.43,0.66,0.53,0.19,0.71,0.39,0.29,0.1,0.01,0.07,0.06,0.01,0.01,0.04
2026-05,27.47,23.19,13.2,8.26,8.89,8.44,2.61,1.29,1.53,1.21,1.2,0.38,0.9,0.4,0.24,0.19,0.16,0.06,0.19,0.01,0.08,0.01,0.02,0.01,0.05
2026-06,26.46,21.38,14.12,7.08,8.55,9.75,3.31,1.8,1.39,1.46,0.83,0.75,0.75,0.7,0.48,0.27,0.32,0.11,0.23,0.01,0.09,0.02,0.01,0.01,0.09
2026-07,26.42,17.98,17.86,7.28,8.72,6.57,4.05,1.91,1.9,1.62,0.95,0.85,1.14,0.56,0.98,0.25,0.35,0.04,0.26,0.02,0.17,0.07,0,0,0.05
2026-08,23.86,21.71,15.25,7.35,8.89,7.4,5.37,1.79,1.61,1.75,0.91,0.68,0.94,0.77,0.71,0.19,0.25,0.09,0.18,0.01,0.09,0.06,0,0.09,0.07
