"Date","Samsung","Unknown","Infinix","Tecno","Apple","Google","Oppo","Xiaomi","Huawei","Itel","Sony","Vivo","Sharp","Nokia","Realme","Motorola","ZTE","OnePlus","LG","BBK","Honor","Lenovo","Fujitzu","Nothing","Fujitsu","Other"
2025-08,32.98,15.47,15.07,9.8,5.82,5.36,4,2.26,1.59,1.79,1.7,1.3,0.63,0.47,0.35,0.26,0.38,0.22,0.15,0.14,0.08,0.03,0.02,0.01,0.02,0.09
2025-09,33.31,15.72,15.14,9.34,5.43,5.7,3.93,2.19,1.64,1.69,1.63,1.33,0.61,0.46,0.34,0.27,0.43,0.22,0.18,0.19,0.09,0.03,0.03,0.02,0.02,0.08
2025-10,33.74,15.64,14.95,8.92,5.45,5.43,4.05,2.11,1.67,1.68,1.68,1.3,0.71,0.51,0.41,0.33,0.37,0.29,0.14,0.35,0.08,0.02,0.03,0.04,0.03,0.09
2025-11,32.66,15.02,15.66,9.49,5.4,5,4.7,2.24,1.83,1.65,1.83,1.49,0.71,0.47,0.45,0.27,0.32,0.18,0.13,0.22,0.07,0.04,0.03,0.03,0.03,0.08
2025-12,32.56,15.49,14.9,8.79,6.34,5.03,4.56,2.12,1.93,1.94,1.72,1.54,0.58,0.44,0.5,0.26,0.43,0.26,0.19,0.09,0.12,0.03,0.02,0.03,0.02,0.09
2026-01,33.73,17.33,14.39,7.99,6.25,5.24,4.08,1.99,1.81,1.82,1.52,1.29,0.46,0.37,0.34,0.27,0.31,0.27,0.16,0.12,0.1,0.02,0.03,0.03,0.03,0.05
2026-02,34.61,14.7,14.19,8.24,6.54,6.14,4.36,2.09,1.87,1.88,1.73,1.15,0.54,0.34,0.3,0.27,0.3,0.24,0.22,0.04,0.1,0.02,0.04,0.03,0.01,0.03
2026-03,34.58,14.93,14.12,7.93,6.45,6.05,4.3,2.07,2.19,1.64,1.67,1.31,0.81,0.32,0.33,0.29,0.23,0.23,0.16,0.06,0.13,0.02,0.04,0.02,0.02,0.09
2026-04,33.72,17.33,14.08,7.66,6.08,6.15,3.98,2.17,1.89,1.46,1.49,1.27,0.56,0.3,0.44,0.34,0.23,0.23,0.2,0.05,0.12,0.07,0.05,0.03,0.03,0.03
2026-05,32.94,17.65,14.25,7.54,6.35,6.85,3.31,1.94,1.92,1.54,1.36,1.43,0.66,0.33,0.39,0.47,0.27,0.23,0.17,0.04,0.18,0.04,0.03,0.03,0.02,0.06
2026-06,33.11,17.38,13.45,7.43,6.67,6.5,3.92,2.23,2.18,1.37,1.34,1.6,0.6,0.3,0.38,0.41,0.28,0.27,0.2,0.05,0.16,0.05,0.03,0.02,0.03,0.04
2026-07,35.1,11.66,13.24,7.71,9.12,7.84,3.67,2.54,1.54,1.23,1.44,1.74,0.49,0.32,0.59,0.6,0.32,0.26,0.22,0.07,0.17,0.02,0.03,0.02,0.03,0.04
2026-08,35.22,10.2,12.34,7.73,10.91,8.39,3.15,2.52,1.62,1.25,1.55,1.82,0.55,0.33,0.56,0.75,0.24,0.24,0.19,0.05,0.19,0.03,0.03,0.02,0.05,0.1
