"Date","Samsung","Tecno","Infinix","Apple","Unknown","Itel","Oppo","Xiaomi","Nokia","Vivo","Huawei","Google","Motorola","Sharp","Realme","Sony","OnePlus","Honor","Lenovo","Fujitzu","BBK","LG","Hisense","ZTE","Fujitsu","HTC","Alcatel","Nothing","Mito","TCL","Other"
2025-08,30.41,22.08,8.6,6.33,9.13,6.2,3.73,2.76,2.37,1.9,1.81,0.86,0.52,0.74,0.47,0.49,0.39,0.21,0.2,0.17,0.2,0.1,0.06,0.05,0.02,0.02,0.02,0.01,0.02,0.02,0.09
2025-09,30.94,22.05,8.37,6.67,9.48,5.9,3.22,2.79,2.23,1.95,1.75,0.95,0.57,0.67,0.55,0.44,0.29,0.21,0.18,0.19,0.16,0.12,0.06,0.06,0.04,0.02,0.02,0.01,0.02,0.01,0.08
2025-10,32.45,21.79,8.54,6.78,8.4,5.23,3.04,3.22,2.28,1.85,1.67,1.14,0.58,0.66,0.68,0.41,0.31,0.18,0.15,0.15,0.16,0.11,0.04,0.04,0.01,0.01,0.02,0.01,0.02,0.01,0.05
2025-11,33.15,21.29,8.44,6.55,8.64,5.17,3.29,3.05,2.1,1.9,1.81,0.97,0.6,0.66,0.56,0.41,0.26,0.23,0.13,0.17,0.16,0.11,0.08,0.07,0.02,0.02,0.05,0.01,0.02,0.01,0.07
2025-12,32.44,21.39,8.35,6.67,9.11,4.89,3.17,3.09,2.12,2.04,2.05,0.83,0.68,0.6,0.56,0.39,0.31,0.33,0.16,0.14,0.22,0.12,0.06,0.08,0.01,0.07,0.02,0.01,0.01,0.01,0.08
2026-01,32.25,20.08,8.12,7.84,9.4,4.73,3.46,3.26,2.01,1.95,1.88,1.01,0.73,0.61,0.52,0.37,0.43,0.39,0.19,0.12,0.13,0.11,0.1,0.12,0.02,0.05,0.02,0.01,0.01,0.01,0.1
2026-02,34.7,21.43,8.91,7.65,4.96,4.88,3.1,3.2,2.28,1.91,1.91,1.3,0.64,0.66,0.45,0.45,0.26,0.3,0.2,0.18,0.11,0.11,0.11,0.16,0.01,0.03,0,0.01,0.01,0.01,0.08
2026-03,34.4,21.45,8.85,8.17,5.33,4.46,3.11,3.19,2.21,1.84,1.89,1.32,0.69,0.65,0.55,0.51,0.29,0.29,0.12,0.18,0.1,0.13,0.02,0.06,0.02,0.04,0.01,0.03,0.01,0.01,0.05
2026-04,34.14,21.48,8.39,8.65,5.39,4.15,3.01,3.5,2.18,1.68,1.97,1.16,0.95,0.75,0.61,0.48,0.33,0.23,0.16,0.14,0.11,0.13,0.19,0.1,0.01,0.02,0.01,0.02,0.01,0.01,0.06
2026-05,33.31,20.37,8.56,9.05,5.37,4.33,3.34,3.33,2.04,2.16,1.95,1.98,0.87,0.68,0.62,0.52,0.3,0.24,0.23,0.17,0.14,0.15,0.06,0.06,0.03,0.02,0.01,0.04,0.01,0.01,0.06
2026-06,34.43,19.16,8.05,9.64,5.98,4.17,3.48,3.71,1.84,2.04,1.97,1.56,0.88,0.55,0.64,0.47,0.31,0.25,0.16,0.15,0.14,0.08,0.07,0.08,0.02,0.02,0.01,0.04,0.01,0.01,0.07
2026-07,34.91,19.83,7.93,9.59,5.77,4,3.48,3.45,1.82,2.18,1.68,1.37,1.01,0.53,0.54,0.4,0.46,0.21,0.14,0.15,0.09,0.09,0.12,0.07,0.02,0.03,0.01,0.04,0.01,0.01,0.05
2026-08,34.19,19.65,9,8.96,5.59,3.78,4.01,3.49,1.86,2.13,1.77,1.3,1.07,0.54,0.52,0.49,0.26,0.27,0.18,0.15,0.11,0.08,0.09,0.08,0.24,0.04,0.07,0.02,0,0.02,0.05
