"Date","Samsung","Tecno","Unknown","Oppo","Infinix","Nokia","Apple","Xiaomi","Itel","Vivo","Huawei","Realme","Safaricom","Google","Motorola","OnePlus","Honor","Vodafone","Caterpillar","Lenovo","HTC","Sony","BBK","LG","Nothing","Alcatel","ZTE","Gionee","AT&T","Other"
2025-08,29.12,15.01,9.54,8.18,8.12,7.04,5.05,5.79,3.49,2,1.87,1.76,0.79,0.7,0.3,0.4,0.16,0.13,0,0.1,0.12,0.04,0.04,0.04,0.03,0.01,0.02,0.05,0,0.07
2025-09,28.91,14.82,10.99,7.62,7.7,7.02,5.03,5.68,3.37,2.03,1.79,1.74,0.73,1.1,0.38,0.35,0.12,0.14,0,0.06,0.09,0.04,0.05,0.04,0.02,0.01,0.03,0.03,0.03,0.08
2025-10,28.16,15.2,11.58,7.79,7.32,7.17,4.97,5.69,3.64,1.83,1.7,1.81,0.77,0.91,0.39,0.32,0.16,0.13,0,0.05,0.07,0.04,0.05,0.03,0.03,0.02,0.03,0.03,0.05,0.06
2025-11,28.31,14.34,12.79,8.1,7.35,7.22,4.63,5.4,3.5,1.92,1.85,1.95,0.92,0.18,0.44,0.33,0.12,0.14,0,0.08,0.1,0.06,0.07,0.03,0.01,0.02,0.02,0.04,0.04,0.05
2025-12,27.81,14.2,15.3,7.72,6.93,6.57,4.75,5.23,3.41,1.93,1.77,1.85,0.8,0.22,0.48,0.32,0.13,0.14,0,0.07,0.06,0.07,0.05,0.03,0.02,0.02,0.01,0.04,0.01,0.06
2026-01,26.97,13.67,17.19,7.88,6.5,6.63,5.58,5.18,3.13,1.75,1.62,1.62,0.74,0.2,0.39,0.34,0.13,0.11,0,0.05,0.05,0.07,0.02,0.05,0.02,0.02,0.02,0.01,0,0.04
2026-02,28.26,14.18,14.75,8.04,6.54,7.3,5.63,5.27,3.02,1.75,1.71,1.49,0.7,0.21,0.45,0.3,0.08,0.05,0,0.04,0.03,0.06,0.03,0.03,0.02,0.03,0.01,0,0,0.04
2026-03,28.19,14.12,14.93,7.8,6.41,6.78,6.48,5.27,2.86,1.84,1.8,1.5,0.48,0.21,0.61,0.34,0.08,0.04,0,0.04,0.03,0.07,0.03,0.02,0.02,0.02,0.01,0,0,0.04
2026-04,28.03,13.99,14.24,8.12,7.06,6.52,5.83,5.84,2.99,1.95,1.78,1.63,0.39,0.31,0.45,0.34,0.07,0.06,0.06,0.06,0.03,0.09,0.03,0.02,0.02,0.03,0.01,0,0,0.04
2026-05,26.86,12.76,15.16,8.25,6.77,6.08,6.63,5.78,2.93,1.93,1.58,1.48,0.41,1.96,0.49,0.33,0.07,0.03,0.28,0.05,0.01,0.03,0.02,0.03,0.02,0.02,0.01,0,0,0.03
2026-06,26.07,13.14,15.12,8.65,6.57,5.91,7.28,5.71,3.06,2.12,1.38,1.51,0.53,1.19,0.5,0.43,0.11,0.08,0.35,0.05,0.02,0.02,0.03,0.02,0.03,0.05,0.02,0,0,0.05
2026-07,25.99,13.65,15.69,8.9,6.58,5.56,7.28,5.76,2.9,2.16,1.55,1.64,0.33,0.29,0.48,0.41,0.12,0.04,0.36,0.09,0.01,0.02,0.02,0.05,0.03,0.03,0.02,0,0,0.05
2026-08,25.1,14.16,17.51,8.65,6.75,5.69,6.66,5.56,2.88,1.93,1.4,1.59,0.34,0.26,0.49,0.4,0.08,0.03,0.29,0.08,0.01,0.03,0.03,0.03,0.03,0.01,0.01,0,0,0.04
